"Story","Title","Result","Date","Stability","Duration (s)"
"Recording items","Todo List App should allow me to add todo items","SUCCESS","2023-12-10T04:51:49.45Z[Etc/UTC]","0.0","0.57"
"Recording items","Todo List App should clear text input field when an item is added","SUCCESS","2023-12-10T04:51:50.022Z[Etc/UTC]","0.0","0.44"
"Recording items","Todo List App should reflect the number of items left in the counter","SUCCESS","2023-12-10T04:51:50.47Z[Etc/UTC]","0.0","0.63"
"Recording items","Todo List App should show #main and #footer sections only when list contains items","SUCCESS","2023-12-10T04:51:51.109Z[Etc/UTC]","0.0","0.98"
"Recording items","Todo List App should allow me to add todo items","SUCCESS","2023-12-10T04:51:58.155Z[Etc/UTC]","0.0","0.73"
"Recording items","Todo List App should clear text input field when an item is added","SUCCESS","2023-12-10T04:51:58.886Z[Etc/UTC]","0.0","0.57"
"Recording items","Todo List App should reflect the number of items left in the counter","SUCCESS","2023-12-10T04:51:59.467Z[Etc/UTC]","0.0","0.8"
"Recording items","Todo List App should show #main and #footer sections only when list contains items","SUCCESS","2023-12-10T04:52:00.271Z[Etc/UTC]","0.0","1.1"
"Recording items","Todo List App should allow me to add todo items","SUCCESS","2023-12-10T04:52:10.89Z[Etc/UTC]","0.0","0.88"
"Recording items","Todo List App should clear text input field when an item is added","SUCCESS","2023-12-10T04:52:11.771Z[Etc/UTC]","0.0","0.72"
"Recording items","Todo List App should reflect the number of items left in the counter","SUCCESS","2023-12-10T04:52:12.498Z[Etc/UTC]","0.0","0.99"
"Recording items","Todo List App should show #main and #footer sections only when list contains items","SUCCESS","2023-12-10T04:52:13.495Z[Etc/UTC]","0.0","1.27"
